{"sections":{"main":{"type":"product-template","settings":{"galleryType":"slider","qtyCheck":false,"dyamincButtons":false}},"product-recommendations":{"type":"product-recommendations","settings":{"show_product_recommendations":true,"heading":"You may also like","show_vendor":false}},"162844650099081867":{"type":"slideshow","blocks":{"162844650099081867-0":{"type":"image","settings":{"image":"shopify:\/\/shop_images\/bank-for-saving-money.jpg","alignment":"center center","slide_title":"Image slide","subheading":"Tell your brand's story through images","button_label":"","button_link":""}},"162844650099081867-1":{"type":"image","settings":{"image":"shopify:\/\/shop_images\/laptop-from-above.jpg","alignment":"center center","slide_title":"Image slide","subheading":"Tell your brand's story through images","button_label":"","button_link":""}}},"block_order":["162844650099081867-0","162844650099081867-1"],"settings":{"slideshow_height":"adapt","text_size":"medium","text_alignment":"center center","show_overlay":true,"autorotate":false,"autorotate_speed":5}}},"order":["main","product-recommendations","162844650099081867"]}